{
  "eye": {
    "orientation": [
      0,
      0,
      0.7076452374458313,
      0.7065679430961609
    ],
    "magnitude": 1,
    "position": [
      0,
      0,
      0
    ]
  },
  "radius": 512,
  "type": "TWO_D"
}